1; San Lorenzo; 3482; Mar del Plata; 7600; Buenos Aires
2; San Lorenzo; 3482; Mar del Plata; 7600; Buenos Aires
3; San Lorenzo; 3482; Mar del Plata; 7600; Buenos Aires
4; San Lorenzo; 3482; Mar del Plata; 7600; Buenos Aires
5; San Lorenzo; 3482; Mar del Plata; 7600; Buenos Aires
6; San Lorenzo; 3482; Mar del Plata; 7600; Buenos Aires
7; San Lorenzo; 3482; Mar del Plata; 7600; Buenos Aires
8; San Lorenzo; 3482; Mar del Plata; 7600; Buenos Aires
9; San Lorenzo; 3482; Mar del Plata; 7600; Buenos Aires
10; San Lorenzo; 3482; Mar del Plata; 7600; Buenos Aires
1; San Lorenzo; 3482; Mar del Plata; 7600; Buenos Aires
2; San Lorenzo; 3482; Mar del Plata; 7600; Buenos Aires
3; San Lorenzo; 3482; Mar del Plata; 7600; Buenos Aires
4; San Lorenzo; 3482; Mar del Plata; 7600; Buenos Aires
5; San Lorenzo; 3482; Mar del Plata; 7600; Buenos Aires
6; San Lorenzo; 3482; Mar del Plata; 7600; Buenos Aires
7; San Lorenzo; 3482; Mar del Plata; 7600; Buenos Aires
8; San Lorenzo; 3482; Mar del Plata; 7600; Buenos Aires
9; San Lorenzo; 3482; Mar del Plata; 7600; Buenos Aires
10; San Lorenzo; 3482; Mar del Plata; 7600; Buenos Aires
1; San Lorenzo; 3482; Mar del Plata; 7600; Buenos Aires
2; San Lorenzo; 3482; Mar del Plata; 7600; Buenos Aires
3; San Lorenzo; 3482; Mar del Plata; 7600; Buenos Aires
4; San Lorenzo; 3482; Mar del Plata; 7600; Buenos Aires
5; San Lorenzo; 3482; Mar del Plata; 7600; Buenos Aires
6; San Lorenzo; 3482; Mar del Plata; 7600; Buenos Aires
7; San Lorenzo; 3482; Mar del Plata; 7600; Buenos Aires
8; San Lorenzo; 3482; Mar del Plata; 7600; Buenos Aires
9; San Lorenzo; 3482; Mar del Plata; 7600; Buenos Aires
10; San Lorenzo; 3482; Mar del Plata; 7600; Buenos Aires
1; San Lorenzo; 3482; Mar del Plata; 7600; Buenos Aires
2; San Lorenzo; 3482; Mar del Plata; 7600; Buenos Aires
3; San Lorenzo; 3482; Mar del Plata; 7600; Buenos Aires
4; San Lorenzo; 3482; Mar del Plata; 7600; Buenos Aires
5; San Lorenzo; 3482; Mar del Plata; 7600; Buenos Aires
6; San Lorenzo; 3482; Mar del Plata; 7600; Buenos Aires
7; San Lorenzo; 3482; Mar del Plata; 7600; Buenos Aires
8; San Lorenzo; 3482; Mar del Plata; 7600; Buenos Aires
9; San Lorenzo; 3482; Mar del Plata; 7600; Buenos Aires
10; San Lorenzo; 3482; Mar del Plata; 7600; Buenos Aires
1; Cordoba; 3482; Mar del Plata; 7600; Buenos Aires
2; ¨¹; 3482; Mar del Plata; 7600; Buenos Aires
3; Alberti; 3482; Mar del Plata; 7600; Buenos Aires
4; Don Orione; 3482; Mar del Plata; 7600; Buenos Aires
5; Cordoba; 3482; Mar del Plata; 7600; Buenos Aires
6; Don Orione; 3482; Mar del Plata; 7600; Buenos Aires
7; Moreno; 3482; Mar del Plata; 7600; Buenos Aires
8; Moreno; 3482; Mar del Plata; 7600; Buenos Aires
9; Alberti; 3482; Mar del Plata; 7600; Buenos Aires
10; San Juan; 3482; Mar del Plata; 7600; Buenos Aires
1; Don Orione; 3482; Mar del Plata; 7600; Buenos Aires
2; Alberti; 3482; Mar del Plata; 7600; Buenos Aires
3; Luro; 3482; Mar del Plata; 7600; Buenos Aires
4; Belgrano; 3482; Mar del Plata; 7600; Buenos Aires
5; Don Orione; 3482; Mar del Plata; 7600; Buenos Aires
6; Belgrano; 3482; Mar del Plata; 7600; Buenos Aires
7; Cordoba; 3482; Mar del Plata; 7600; Buenos Aires
8; Cordoba; 3482; Mar del Plata; 7600; Buenos Aires
9; Luro; 3482; Mar del Plata; 7600; Buenos Aires
10; Color; 3482; Mar del Plata; 7600; Buenos Aires
